meal_id,meal_name,category,ingredients
L1,Annie's Protein Mac & Cheese,Lunch Entree,"Annie's Protein Mac and Cheese,Fairlife milk,Unsalted butter"
L2,Pizza Cupcakes,Lunch Entree,"Pizza cupcakes"
L3,TJ's Spinach Tortellini,Lunch Entree,"Trader Joe's spinach tortellini,Marinara sauce,Unsalted butter"
L4,Feed Zone Savory Rice Bowl,Lunch Entree,"Jasmine rice,Trader Joe's Chicken Meatballs,Eggs,Soy sauce / Tamari,Sesame oil"
L5,Mini Meatball & Ditalini Broth Bowl,Lunch Entree,"Trader Joe's Chicken Meatballs,Barilla protein pasta,Chicken broth"
D1,Chicken Adobo & Rice,Dinner Home-Cooked,"Chicken thighs or breasts,Jasmine rice,Soy sauce / Tamari"
D2,Spaghetti & Meatballs,Dinner Home-Cooked,"Barilla protein pasta,Trader Joe's Chicken Meatballs,Marinara sauce"
D3,Sheet-Pan Teriyaki Chicken,Dinner Home-Cooked,"Chicken thighs or breasts,Broccoli florets,Soy sauce / Tamari,Brown sugar / Honey,Sesame oil,Jasmine rice"
D4,Ground Bulgogi Bowls,Dinner Home-Cooked,"Ground beef or turkey,Soy sauce / Tamari,Brown sugar / Honey,Sesame oil,Garlic,Ginger,Jasmine rice,Cucumbers"
D5,Instant Pot Chicken Burrito Bowls,Dinner Home-Cooked,"Chicken thighs or breasts,White rice,Chicken broth,Black beans,Frozen sweet corn,Mild salsa,Taco seasoning"
D6,Feed Zone Recovery Pancakes with Fruit,Dinner Home-Cooked,"Pancake mix,Fairlife milk,Eggs,Pure maple syrup,Bananas,Berries"
D7,Annie's Mac & Cheese,Dinner Quick Boxed/Frozen,"Annie's Protein Mac and Cheese,Fairlife milk,Unsalted butter"
D8,Penne Pasta with Marinara,Dinner Quick Boxed/Frozen,"Barilla protein pasta,Marinara sauce"
D9,Trader Joe's Frozen Dumplings,Dinner Quick Boxed/Frozen,"Trader Joe's frozen chicken dumplings,Soy sauce / Tamari"
D10,Ramen,Dinner Quick Boxed/Frozen,"Ramen noodles,Chicken broth,Eggs"
D11,Paris Banh Mi,Dinner Takeout,""
D12,Mr. Dumpling,Dinner Takeout,""
D13,Chipotle,Dinner Takeout,""
D14,Kahlovera,Dinner Takeout,""
D15,Harris Teeter Sushi,Dinner Takeout,""
