ingredient,Harris Teeter,Trader Joe's,Sam's Club,Costco,Wegmans,Amazon
Annie's Protein Mac and Cheese,TRUE,,,TRUE,,TRUE
Pizza cupcakes,,,,TRUE,,
Trader Joe's spinach tortellini,,TRUE,,,,
Trader Joe's Chicken Meatballs,,TRUE,,,,
Trader Joe's frozen chicken dumplings,,TRUE,,,,
Barilla protein pasta,TRUE,,,TRUE,TRUE,TRUE
Chicken broth,TRUE,TRUE,TRUE,TRUE,TRUE,TRUE
Jasmine rice,TRUE,TRUE,TRUE,TRUE,TRUE,TRUE
White rice,TRUE,TRUE,TRUE,TRUE,TRUE,TRUE
Chicken thighs or breasts,TRUE,TRUE,TRUE,TRUE,TRUE,
Ground beef or turkey,TRUE,TRUE,TRUE,TRUE,TRUE,
Black beans,TRUE,TRUE,TRUE,TRUE,TRUE,
Frozen sweet corn,TRUE,TRUE,,TRUE,TRUE,
Mild salsa,TRUE,TRUE,,,TRUE,
Taco seasoning,TRUE,TRUE,,,TRUE,TRUE
Broccoli florets,TRUE,TRUE,,,TRUE,
Cucumbers,TRUE,TRUE,,,TRUE,
Garlic,TRUE,TRUE,,,TRUE,
Ginger,TRUE,TRUE,,,TRUE,
Soy sauce / Tamari,TRUE,TRUE,,,TRUE,TRUE
Sesame oil,TRUE,TRUE,,,TRUE,TRUE
Brown sugar / Honey,TRUE,TRUE,TRUE,TRUE,TRUE,TRUE
Marinara sauce,TRUE,TRUE,,,TRUE,TRUE
Eggs,TRUE,TRUE,TRUE,TRUE,TRUE,
Fairlife milk,TRUE,,,TRUE,TRUE,
Unsalted butter,TRUE,TRUE,TRUE,TRUE,TRUE,
Pancake mix,TRUE,,TRUE,TRUE,TRUE,TRUE
Pure maple syrup,TRUE,TRUE,TRUE,TRUE,TRUE,
Bananas,TRUE,TRUE,,,TRUE,
Berries,TRUE,TRUE,TRUE,TRUE,TRUE,
Ramen noodles,TRUE,TRUE,,,TRUE,TRUE
Apples,TRUE,TRUE,TRUE,TRUE,TRUE,
Graham crackers,TRUE,,,TRUE,TRUE,TRUE
Pretzels,TRUE,TRUE,TRUE,TRUE,TRUE,TRUE
Popcorn,TRUE,TRUE,TRUE,TRUE,TRUE,TRUE
Applesauce,TRUE,TRUE,TRUE,TRUE,TRUE,TRUE
Potatoes (Yukon Gold),TRUE,TRUE,TRUE,TRUE,TRUE,
Baby carrots,TRUE,TRUE,TRUE,TRUE,TRUE,
Cottage cheese,TRUE,TRUE,TRUE,TRUE,TRUE,